sampleID	libraryID	seqrunID	array	raw reads	reads w/ L35	reads w/ MQ25	unique reads	duplication rate	390K SNPs covered by all	390Ksupp SNPs covered by all	archaicAdmix SNPs covered by all	5'CT	3'CT	mode read length	deaminated reads	390K SNPs covered by deam	390Ksupp SNPs covered by deam	archaicAdmix SNPs covered by deam	contamination [%]	cont. based on X heterogeneity [%] - all reads
SP4210	D5864	161208_SN7001204_0564_lane1	390K	8704428	6832375	53710	17295	3.11	6708	220	604	41.52	25.19	44	4290	1883	61	153	21.4	4.38
SP4210	D5864	161208_SN7001204_0563_lane1	390Ksupp	10266497	8092071	52547	23130	2.27	127	6923	769	37.37	20.94	43	5357	36	1967	195	25.6	
SP4210	D5864	160906_M02279_0022_lane1	MT	446659	324102	118448	3593	32.97				57.17	31.21	35	1139				0	
SP4210	F7638	171020_D00829_0083_lane1	390K	3733773	2980592	8122	5794	1.4	2531	82	193	35.35	23.48	44	1383	655	20	52	14.7	
SP4210	F7638	171110_D00829_0090_lane1	390K	1415361	1125275	3170	2661	1.19	1175	32	100	34.02	21.41	42	615	305	7	19	23.8	
SP4210	F7638	171020_D00829_0084_lane1	390Ksupp	2682552	2149148	7395	6101	1.21	46	1649	205	27.42	20.52	46	1320	9	441	35	27.3	
SP4210	F7638	171110_D00829_0090_lane2	390Ksupp	4218379	3400294	11233	8714	1.29	46	2263	256	29.29	20.02	43	1932	8	596	60	12.2	
SP4210	F7638	171110_D00829_0091_lane1	390Ksupp	4898416	3933334	12643	9437	1.34	45	2466	284	30.84	20.4	45	2120	10	693	74	23.7	
SP4210	F7638	171110_D00829_0091_lane2	390Ksupp	4791310	3843555	12639	9545	1.32	58	2517	270	30.26	20.4	44	2148	16	694	63	22.5	
SP4210	F7639	171020_D00829_0083_lane1	390K	3900892	3330876	7503	5126	1.46	1907	66	147	28.38	16.86	48	1027	436	10	16	0	15.47
SP4210	F7639	171110_D00829_0090_lane1	390K	1590312	1352249	3139	2599	1.21	994	41	88	25.52	16.71	43	500	210	7	15	14.2	15.47
SP4210	F7639	171020_D00829_0084_lane1	390Ksupp	2465927	2093272	5377	4580	1.17	13	1023	138	24.44	15.94	46	842	2	231	25	4.1	
SP4210	F7639	171110_D00829_0090_lane2	390Ksupp	3894083	3323380	8153	6565	1.24	28	1418	192	24.51	17.08	44	1244	8	328	43	30	
SP4210	F7639	171110_D00829_0091_lane1	390Ksupp	4356687	3701824	8973	7166	1.25	24	1695	212	25.21	16.23	46	1369	7	385	61	25.2	
SP4210	F7639	171110_D00829_0091_lane2	390Ksupp	4263895	3621524	8749	7003	1.25	28	1547	184	24.97	17.75	45	1336	3	355	35	26.6	
SP4210	F7640	171020_D00829_0083_lane1	390K	3732814	3159035	9699	6207	1.56	2672	70	214	35.41	23.39	47	1430	716	26	54	22.9	
SP4210	F7640	171110_D00829_0090_lane1	390K	1591906	1339228	4195	3299	1.27	1537	44	127	36.21	25.86	47	786	402	13	30	19.2	
SP4210	F7640	171020_D00829_0084_lane1	390Ksupp	2509714	2130262	6431	5303	1.21	29	1498	159	28.79	18.87	47	1065	12	367	29	31.2	
SP4210	F7640	171110_D00829_0090_lane2	390Ksupp	3749756	3202999	9300	7295	1.27	30	2018	201	29.86	21.02	46	1471	5	513	49	8.4	
SP4210	F7640	171110_D00829_0091_lane1	390Ksupp	3680478	3133288	8948	7101	1.26	38	1959	203	27.91	21.18	47	1437	14	489	56	31.5	
SP4210	F7640	171110_D00829_0091_lane2	390Ksupp	3592049	3056604	8720	6897	1.26	32	1913	197	27.42	18.75	47	1379	7	489	49	41.1	
SP4210	F7641	171020_D00829_0083_lane1	390K	3851407	3287439	9588	6564	1.46	3036	105	263	39.56	25.98	47	1697	925	37	94	2.9	0.91
SP4210	F7641	171110_D00829_0090_lane1	390K	1628924	1384212	4111	3403	1.21	1705	47	171	40.69	23.99	44	888	500	15	48	9.9	0.91
SP4210	F7641	171020_D00829_0084_lane1	390Ksupp	2722993	2325426	6837	5686	1.2	30	1602	172	33.02	19.83	45	1238	13	447	41	28.3	
SP4210	F7641	171110_D00829_0090_lane2	390Ksupp	4039539	3467511	9953	7880	1.26	44	2216	218	31.89	21.64	47	1749	17	629	60	13.6	
SP4210	F7641	171110_D00829_0091_lane1	390Ksupp	3887425	3320893	9212	7305	1.26	33	2058	202	32.23	20.44	43	1612	7	581	47	22.8	
SP4210	F7641	171110_D00829_0091_lane2	390Ksupp	3785842	3233696	9065	7219	1.26	39	1991	198	31.03	21.69	45	1616	18	600	63	9.8	
SP4210	F8851	171020_D00829_0083_lane1	390K	4989147	3928816	19310	9774	1.98	4270	124	349	40.31	28.7	42	2502	1230	32	91	26.8	3.71
SP4210	F8851	171110_D00829_0090_lane1	390K	2149342	1688539	8284	5554	1.49	2716	81	209	40.88	29.43	42	1456	753	21	47	18.8	3.71
SP4210	F8851	171020_D00829_0084_lane1	390Ksupp	3942281	3139506	13456	10367	1.3	67	3439	328	35.24	25.7	45	2416	10	962	72	17.4	
SP4210	F8851	171110_D00829_0090_lane2	390Ksupp	5636642	4519342	18708	13680	1.37	84	4537	478	35.39	25.68	43	3264	22	1271	101	25.2	
SP4210	F8851	171110_D00829_0091_lane1	390Ksupp	5135335	4098083	16963	12527	1.35	67	4316	453	36.42	26.2	40	2984	13	1185	114	21.4	
SP4210	F8851	171110_D00829_0091_lane2	390Ksupp	5015148	3997710	16632	12265	1.36	75	4160	433	35.13	26.7	45	2918	16	1169	103	17.9	
SP4210	F8851	170906_D00829_0070_lane1	MT	2257410	1461056	166	165	1.01				40.54	26.32	37	40				0	
SP4210	F8852	171020_D00829_0083_lane1	390K	4548031	3539887	17959	8289	2.17	3609	147	264	43.04	30.78	42	2202	1075	38	69	24.1	1.88
SP4210	F8852	171110_D00829_0090_lane1	390K	1818762	1408234	7336	4664	1.57	2277	77	169	44.38	31.01	42	1313	720	21	47	17.1	1.88
SP4210	F8852	171020_D00829_0084_lane1	390Ksupp	3512634	2775335	10441	7820	1.34	63	2827	301	35.19	25.49	43	1826	16	817	68	24.6	
SP4210	F8852	171110_D00829_0090_lane2	390Ksupp	5334075	4252965	15345	10698	1.43	80	3670	366	36.85	26.29	44	2542	21	1061	91	22.8	
SP4210	F8852	171110_D00829_0091_lane1	390Ksupp	5870872	4646325	16719	11349	1.47	82	3936	405	36.95	25.9	46	2723	17	1107	100	23.9	
SP4210	F8852	171110_D00829_0091_lane2	390Ksupp	5750705	4545565	16580	11293	1.47	79	3893	417	35.48	25.16	43	2629	19	1073	100	35.4	
SP4210	F8852	170906_D00829_0070_lane1	MT	1955908	1283610	151	150	1.01				56	25	35	35				9.5	
SP4210	F8853	171020_D00829_0083_lane1	390K	5518976	4147519	24052	10525	2.29	4373	163	327	40.88	32.17	40	2820	1288	46	66	17.1	1.05
SP4210	F8853	171110_D00829_0090_lane1	390K	2174903	1624188	9364	5841	1.6	2852	91	203	40.3	32.1	42	1598	856	34	53	17.8	1.05
SP4210	F8853	171020_D00829_0084_lane1	390Ksupp	4321075	3298866	14736	10634	1.39	62	3565	392	36.92	28.29	44	2746	16	1123	103	14.3	
SP4210	F8853	171110_D00829_0090_lane2	390Ksupp	6426972	4948362	21700	14237	1.52	87	4667	486	38.08	27.54	44	3644	25	1474	135	8.2	
SP4210	F8853	171110_D00829_0091_lane1	390Ksupp	7476487	5723788	24888	15759	1.58	105	5048	543	38.17	28.22	44	4091	32	1624	141	17.2	
SP4210	F8853	171110_D00829_0091_lane2	390Ksupp	7310669	5588135	24531	15542	1.58	96	5081	527	37.38	28.62	46	3958	27	1577	140	13.5	
SP4210	F8853	170906_D00829_0070_lane1	MT	1793979	1061543	136	136	1				25.93	37.93	35	39				0	
SP4210	F8854	171020_D00829_0083_lane1	390K	4303518	3629146	11487	7498	1.53	3110	114	244	34.66	25.1	46	1654	848	23	59	28.2	6.39
SP4210	F8854	171110_D00829_0090_lane1	390K	1963833	1647806	5449	4245	1.28	1912	69	138	35.43	23.16	42	931	504	18	31	6	6.39
SP4210	F8854	171020_D00829_0084_lane1	390Ksupp	3695703	3149389	9627	7758	1.24	38	2129	251	29.83	20.24	49	1544	10	554	59	24.1	
SP4210	F8854	171110_D00829_0090_lane2	390Ksupp	5292258	4535196	13494	10300	1.31	46	2928	345	28.74	21.13	45	2024	11	706	71	31.9	
SP4210	F8854	171110_D00829_0091_lane1	390Ksupp	5641357	4802368	14113	10761	1.31	43	3119	344	29.22	20.81	46	2168	11	802	74	24.7	
SP4210	F8854	171110_D00829_0091_lane2	390Ksupp	5536335	4712470	13783	10485	1.31	62	3009	323	29	20.93	46	2086	13	786	67	19.9	
SP4210	F8854	170906_D00829_0070_lane1	MT	1720163	1238355	102	102	1				35.29	0	36	12					
SP4210	F8855	171020_D00829_0083_lane1	390K	4803567	4007852	12504	8441	1.48	3573	125	266	33.86	25.55	42	1917	952	39	55	17.4	0.84
SP4210	F8855	171110_D00829_0090_lane1	390K	2028417	1685157	5302	4223	1.26	1889	64	136	34.67	24.37	47	993	484	13	31	19.4	0.84
SP4210	F8855	171020_D00829_0084_lane1	390Ksupp	5681190	4796591	15175	11922	1.27	54	2943	335	26.55	20.57	45	2327	9	726	100	34.9	
SP4210	F8855	171110_D00829_0090_lane2	390Ksupp	8025552	6819171	20412	15201	1.34	61	3892	441	28.88	19.98	46	3063	8	1023	106	25.1	
SP4210	F8855	171110_D00829_0091_lane1	390Ksupp	8347770	7059973	20799	15481	1.34	53	3913	461	28.08	20.24	46	3064	14	994	120	32.3	
SP4210	F8855	171110_D00829_0091_lane2	390Ksupp	8155698	6893232	20340	15102	1.35	60	3884	437	27.69	19.88	46	3011	19	983	101	23.8	
SP4210	F8855	170906_D00829_0070_lane1	MT	2083565	1505265	118	117	1.01				46.15	40	35	17				0	
SP4210	F8856	171020_D00829_0083_lane1	390K	5755763	4762525	13938	8719	1.6	3732	119	317	32.77	24.09	49	1949	1014	36	86	26.8	0.59
SP4210	F8856	171110_D00829_0090_lane1	390K	2197368	1811726	5492	4241	1.29	1966	71	155	34.46	23.54	46	970	494	27	39	30.1	0.59
SP4210	F8856	171020_D00829_0084_lane1	390Ksupp	3838261	3192827	9180	7528	1.22	36	2112	256	28.2	19.63	50	1464	9	507	61	20.6	
SP4210	F8856	171110_D00829_0090_lane2	390Ksupp	5667465	4739573	13272	10275	1.29	52	2922	330	28.33	21.51	47	2043	11	732	71	36.2	
SP4210	F8856	171110_D00829_0091_lane1	390Ksupp	6592163	5492581	15272	11345	1.35	56	3159	350	29.83	22.14	47	2388	15	869	85	23.1	
SP4210	F8856	171110_D00829_0091_lane2	390Ksupp	6438806	5362388	15060	11403	1.32	60	3217	368	29.21	21.2	47	2298	16	815	95	25.8	
SP4210	F8856	170906_D00829_0070_lane1	MT	2149938	1537783	136	135	1.01				33.33	15	36	23				0	
SP4210	F8857	171020_D00829_0083_lane1	390K	4629560	3986495	11452	8044	1.42	3711	118	319	38.65	26.54	45	1969	1069	26	85	18.6	4.71
SP4210	F8857	171110_D00829_0090_lane1	390K	1860601	1596825	4737	3930	1.21	1941	58	161	36.47	26.1	46	928	540	12	38	14.5	4.71
SP4210	F8857	171020_D00829_0084_lane1	390Ksupp	3408357	2948770	9240	7824	1.18	48	2339	253	31.68	21.57	45	1609	13	658	72	20.1	
SP4210	F8857	171110_D00829_0090_lane2	390Ksupp	5013294	4358842	13037	10509	1.24	60	3149	363	33.61	23.85	47	2388	20	948	115	23.1	
SP4210	F8857	171110_D00829_0091_lane1	390Ksupp	5740618	4969814	14632	11587	1.26	63	3466	382	32.93	22.62	45	2562	18	1013	106	12.2	
SP4210	F8857	171110_D00829_0091_lane2	390Ksupp	5618721	4861060	14508	11554	1.26	61	3399	365	33.71	23.53	46	2561	17	989	102	24.2	
SP4210	F8857	170906_D00829_0070_lane1	MT	1925097	1443207	103	101	1.02				30	25	35	24				0	
SP4210	F8858	171020_D00829_0083_lane1	390K	5232574	4442368	12465	8122	1.53	3499	113	285	37.33	25.28	47	2014	1046	31	89	16.9	13.68
SP4210	F8858	171110_D00829_0090_lane1	390K	1987110	1681255	4748	3837	1.24	1825	57	139	40.28	26.51	43	977	552	25	42	21.4	13.68
SP4210	F8858	171020_D00829_0084_lane1	390Ksupp	3124205	2684079	8215	7020	1.17	31	1961	233	33.55	23.54	44	1588	8	609	66	25.5	
SP4210	F8858	171110_D00829_0090_lane2	390Ksupp	4654205	4021389	11583	9411	1.23	43	2692	303	34.03	22.92	44	2071	16	797	84	7.3	
SP4210	F8858	171110_D00829_0091_lane1	390Ksupp	5395553	4646243	13288	10645	1.25	49	3115	342	35.35	24.37	46	2417	11	955	90	14.5	
SP4210	F8858	171110_D00829_0091_lane2	390Ksupp	5263781	4529321	13327	10732	1.24	51	3052	348	32.38	23.62	45	2378	15	890	94	8.7	
SP4210	F8858	170906_D00829_0070_lane1	MT	1922169	1433610	97	96	1.01				39.13	23.81	35	23				25.2	
SP4211	D5865	161208_SN7001204_0564_lane1	390K	13395008	10571295	142753	37306	3.83	16765	525	1303	51.04	29.98	46	10935	5433	146	434	14.8	
SP4211	D5865	161208_SN7001204_0563_lane1	390Ksupp	6088477	4854470	41760	24950	1.67	188	10519	970	49.56	29.1	47	7154	58	3338	285	14.2	
SP4211	D5865	160906_M02279_0022_lane1	MT	544588	401578	223020	23351	9.55				63.2	37.35	36	8246				0	
SP4211	F7642	171020_D00829_0083_lane1	390K	3783553	3178560	11096	8034	1.38	4664	169	324	41.5	31.33	43	2088	1203	37	68	24.7	
SP4211	F7642	171110_D00829_0090_lane1	390K	1599755	1335248	4606	3901	1.18	2317	75	154	41.99	29.46	48	992	583	16	30	12	
SP4211	F7642	171020_D00829_0084_lane1	390Ksupp	2236439	1871621	6088	5334	1.14	38	2234	230	37.41	25.02	46	1269	7	572	57	32.5	
SP4211	F7642	171110_D00829_0090_lane2	390Ksupp	3370460	2838234	9091	7620	1.19	50	3296	302	37.49	26.5	43	1840	14	877	67	28.2	
SP4211	F7642	171110_D00829_0091_lane1	390Ksupp	3496965	2928417	9291	7722	1.2	58	3223	330	37.64	25.19	48	1872	10	857	85	29.8	
SP4211	F7642	171110_D00829_0091_lane2	390Ksupp	3418403	2859617	9238	7707	1.2	51	3259	306	37.1	25.71	48	1851	9	851	76	34.2	
SP4211	F7643	171020_D00829_0083_lane1	390K	3669543	2955435	27001	18116	1.49	10717	334	783	52.86	37.39	42	5999	3637	103	258	12.4	
SP4211	F7643	171110_D00829_0090_lane1	390K	1489695	1193810	10803	8866	1.22	5566	168	400	52.84	38.45	43	2967	1820	52	126	7.8	
SP4211	F7643	171020_D00829_0084_lane1	390Ksupp	2277285	1817317	15832	13085	1.21	94	6268	602	49.25	32.93	51	4104	25	2032	177	7.3	
SP4211	F7643	171110_D00829_0090_lane2	390Ksupp	3485484	2797625	24462	18798	1.3	129	9073	789	48.81	35.08	45	6012	32	2973	239	7	
SP4211	F7643	171110_D00829_0091_lane1	390Ksupp	4006784	3198158	27739	20554	1.35	153	9697	908	49.08	34.95	46	6588	43	3258	309	6.6	
SP4211	F7643	171110_D00829_0091_lane2	390Ksupp	3926384	3130603	27108	20315	1.33	143	9565	851	49.12	34.76	49	6528	40	3208	279	8.3	
SP4211	F7644	171020_D00829_0083_lane1	390K	3665661	3095395	39287	28077	1.4	17115	483	1264	51.96	34.55	48	8956	5525	149	400	5.4	
SP4211	F7644	171110_D00829_0090_lane1	390K	1517173	1274101	16222	13759	1.18	8853	285	605	51.5	35.09	49	4365	2833	77	185	0.2	
SP4211	F7644	171020_D00829_0084_lane1	390Ksupp	2452081	2076072	25391	20984	1.21	170	11027	1047	48.12	34.07	50	6651	53	3572	303	3.6	
SP4211	F7644	171110_D00829_0090_lane2	390Ksupp	3694647	3145792	38674	30140	1.28	252	15519	1472	48.31	33.42	47	9383	67	4875	457	4.5	
SP4211	F7644	171110_D00829_0091_lane1	390Ksupp	4087490	3465059	41770	31899	1.31	265	16249	1501	48.38	33.37	47	9985	84	5191	471	5.8	
SP4211	F7644	171110_D00829_0091_lane2	390Ksupp	4001656	3388823	41208	31667	1.3	262	16159	1543	48.56	33.35	47	10035	70	5197	481	4.9	
SP4211	F7645	171020_D00829_0083_lane1	390K	4133510	3565969	18342	12345	1.49	7088	224	501	49.94	33.91	45	3831	2290	58	177	6.4	
SP4211	F7645	171110_D00829_0090_lane1	390K	1583782	1361610	6963	5820	1.2	3493	103	267	49.79	33.02	50	1755	1101	19	93	12.4	
SP4211	F7645	171020_D00829_0084_lane1	390Ksupp	2402079	2063590	10403	8827	1.18	76	4319	376	45.78	31.59	47	2674	27	1383	122	0	
SP4211	F7645	171110_D00829_0090_lane2	390Ksupp	3882864	3351710	16939	13228	1.28	107	6427	594	47.07	32	48	4047	44	2070	180	8.2	
SP4211	F7645	171110_D00829_0091_lane1	390Ksupp	4195061	3607069	17785	13720	1.3	112	6613	640	45.43	32.29	48	4203	51	2136	183	1.8	
SP4211	F7645	171110_D00829_0091_lane2	390Ksupp	4091467	3516323	17566	13556	1.3	113	6602	605	46.69	32.7	46	4141	43	2142	184	2.8	
SP4211	F8862	171020_D00829_0083_lane1	390K	5304306	4076029	33605	18205	1.85	10027	286	720	52.57	38.37	46	5828	3329	92	236	9.7	
SP4211	F8862	171110_D00829_0090_lane1	390K	2021002	1545061	12693	9260	1.37	5475	150	351	52.56	37.34	46	2964	1804	40	102	8.9	
SP4211	F8862	171020_D00829_0084_lane1	390Ksupp	4152233	3201560	15974	13527	1.18	90	6175	614	47.24	35.19	49	4099	24	2045	186	16.4	
SP4211	F8862	171110_D00829_0090_lane2	390Ksupp	6190078	4810425	23736	18867	1.26	135	8560	773	47.84	35.12	45	5749	40	2857	243	10.9	
SP4211	F8862	171110_D00829_0091_lane1	390Ksupp	7222614	5585674	27575	21496	1.28	154	9640	880	47.23	35.44	45	6522	38	3165	279	15.2	
SP4211	F8862	171110_D00829_0091_lane2	390Ksupp	7060000	5451944	26932	20905	1.29	159	9343	840	47.4	35.23	45	6297	49	3048	275	12.6	
SP4211	F8862	170906_D00829_0070_lane1	MT	1970355	1257609	202	200	1.01				39.13	34.15	35	48				0	
SP4211	F8863	171020_D00829_0083_lane1	390K	5037455	3898035	28968	17570	1.65	9810	282	725	51.9	37.36	44	5580	3186	83	211	15.5	
SP4211	F8863	171110_D00829_0090_lane1	390K	2036357	1566328	11635	8979	1.3	5380	151	379	51.89	36.49	42	2853	1777	54	116	15.4	
SP4211	F8863	171020_D00829_0084_lane1	390Ksupp	4016734	3144740	16774	14229	1.18	106	6370	616	47.99	34.8	45	4227	27	2053	218	15.1	
SP4211	F8863	171110_D00829_0090_lane2	390Ksupp	5828351	4601096	24034	19406	1.24	114	8527	867	47.17	35.99	47	5857	35	2839	272	7.4	
SP4211	F8863	171110_D00829_0091_lane1	390Ksupp	6683256	5244188	27349	21592	1.27	122	9446	926	48.56	36.23	46	6572	36	3095	277	11.1	
SP4211	F8863	171110_D00829_0091_lane2	390Ksupp	6552142	5135483	26980	21309	1.27	124	9309	904	47.07	36.01	47	6402	38	2977	298	9.2	
SP4211	F8863	170906_D00829_0070_lane1	MT	2032066	1303693	229	228	1				60	37.78	36	69				0	
SP4211	F8864	171020_D00829_0083_lane1	390K	5360675	4283421	32794	19217	1.71	10296	284	725	51.97	37.73	47	6020	3380	93	239	12.7	
SP4211	F8864	171110_D00829_0090_lane1	390K	2091883	1662301	12624	9662	1.31	5593	172	375	49.84	37.54	47	2974	1793	62	126	8.6	
SP4211	F8864	171020_D00829_0084_lane1	390Ksupp	4203272	3356550	19070	15795	1.21	111	6871	683	47.17	33.14	48	4601	41	2195	202	13.6	
SP4211	F8864	171110_D00829_0090_lane2	390Ksupp	6172135	4966607	27907	21558	1.29	147	9270	887	45.59	33.71	45	6212	58	2987	246	19.4	
SP4211	F8864	171110_D00829_0091_lane1	390Ksupp	7308951	5847509	32638	24508	1.33	161	10441	987	47	34.23	49	7208	50	3346	292	15.2	
SP4211	F8864	171110_D00829_0091_lane2	390Ksupp	7154382	5719151	31972	24198	1.32	154	10327	984	47.07	34.7	48	7159	56	3345	305	16.8	
SP4211	F8864	170906_D00829_0070_lane1	MT	2048503	1314263	254	253	1				62.71	56.6	35	80				0	
SP4211	F8865	171020_D00829_0083_lane1	390K	5440317	4636993	72456	42617	1.7	24754	748	1821	52.01	37.94	46	13334	7939	214	576	8.6	
SP4211	F8865	171110_D00829_0090_lane1	390K	2096248	1781877	28029	21527	1.3	13600	423	998	51.29	37.7	47	6699	4206	135	295	5.3	
SP4211	F8865	171020_D00829_0084_lane1	390Ksupp	4296971	3660145	41484	33291	1.25	284	16545	1532	49.2	36.52	51	10226	91	5221	494	0.6	
SP4211	F8865	171110_D00829_0090_lane2	390Ksupp	6431368	5505634	62814	47047	1.34	342	22674	2031	49.02	36.39	50	14384	114	7157	625	4.5	
SP4211	F8865	171110_D00829_0091_lane1	390Ksupp	7182743	6125592	69866	51012	1.37	398	24553	2256	49.11	36.55	47	15634	118	7732	671	5.3	
SP4211	F8865	171110_D00829_0091_lane2	390Ksupp	7008047	5974280	67978	49810	1.36	393	23815	2174	49.92	36.35	45	15244	127	7474	666	8.3	
SP4211	F8865	170906_D00829_0070_lane1	MT	1950996	1408813	586	585	1				59.17	31.73	36	160				34.1	
SP4211	F8866	171020_D00829_0083_lane1	390K	4457388	3737030	54789	38677	1.42	23458	655	1684	50.67	36.86	45	12258	7604	204	517	3.9	
SP4211	F8866	171110_D00829_0090_lane1	390K	1926030	1606636	23364	19598	1.19	12598	378	858	49.57	36.45	45	6144	3950	97	249	1.8	
SP4211	F8866	171020_D00829_0084_lane1	390Ksupp	3527286	2969061	31278	26854	1.16	256	14084	1343	48.1	34.82	50	8170	80	4447	391	8.5	
SP4211	F8866	171110_D00829_0090_lane2	390Ksupp	4873579	4129421	43331	36061	1.2	325	18735	1784	49.55	35	46	11165	110	5970	548	8.5	
SP4211	F8866	171110_D00829_0091_lane1	390Ksupp	4531522	3821537	39607	33480	1.18	299	17623	1635	47.77	36.05	46	10204	89	5580	499	10	
SP4211	F8866	171110_D00829_0091_lane2	390Ksupp	4417037	3724041	38683	32588	1.19	266	17098	1585	48.72	35.11	46	9982	80	5395	490	3.3	
SP4211	F8866	170906_D00829_0070_lane1	MT	1490887	1077709	411	410	1				51.89	47.37	36	134				0	
SP4211	F8867	171020_D00829_0083_lane1	390K	4856987	4082068	65609	37779	1.74	21922	662	1603	51.23	36.59	47	11837	7114	236	503	6.7	
SP4211	F8867	171110_D00829_0090_lane1	390K	1874945	1570104	25402	19039	1.33	12009	360	852	50.32	37.5	45	5999	3792	131	251	7.1	
SP4211	F8867	171020_D00829_0084_lane1	390Ksupp	3652713	3114926	33028	27086	1.22	238	13433	1269	48.64	35.3	46	8278	82	4245	413	5.6	
SP4211	F8867	171110_D00829_0090_lane2	390Ksupp	5398210	4628070	48702	37736	1.29	305	18080	1697	49.03	34.73	47	11435	115	5698	503	2.4	
SP4211	F8867	171110_D00829_0091_lane1	390Ksupp	6277192	5363883	56455	42840	1.32	343	20449	1829	48.71	35.73	47	13065	107	6509	611	5.8	
SP4211	F8867	171110_D00829_0091_lane2	390Ksupp	6133039	5238666	54747	41536	1.32	350	19763	1853	48.39	35.97	47	12697	120	6305	575	8.1	
SP4211	F8867	170906_D00829_0070_lane1	MT	1723947	1244039	484	483	1				43.14	46.51	42	139				18.6	
